[
  {
    "rule": "Test_TextFile_Pattern",
    "namespace": "test_detection",
    "tags": [],
    "meta": {
      "description": "Simple test rule that matches any text file containing 'test'",
      "severity": "info"
    },
    "file_path": "G:\\Track.txt",
    "file_size": 68,
    "timestamp": "2025-05-13T16:08:02.065417"
  },
  {
    "rule": "Test_TextFile_Pattern",
    "namespace": "test_detection",
    "tags": [],
    "meta": {
      "description": "Simple test rule that matches any text file containing 'test'",
      "severity": "info"
    },
    "file_path": "G:\\KMSAuto Net 1.5.1.exe",
    "file_size": 8987424,
    "timestamp": "2025-05-13T16:08:02.160380"
  },
  {
    "rule": "Test_TextFile_Pattern",
    "namespace": "test_detection",
    "tags": [],
    "meta": {
      "description": "Simple test rule that matches any text file containing 'test'",
      "severity": "info"
    },
    "file_path": "G:\\KMSAuto Net.exe",
    "file_size": 8767160,
    "timestamp": "2025-05-13T16:08:02.730631"
  },
  {
    "rule": "Test_TextFile_Pattern",
    "namespace": "test_detection",
    "tags": [],
    "meta": {
      "description": "Simple test rule that matches any text file containing 'test'",
      "severity": "info"
    },
    "file_path": "G:\\Track.txt",
    "file_size": 68,
    "timestamp": "2025-05-13T16:09:17.785576"
  },
  {
    "rule": "Test_TextFile_Pattern",
    "namespace": "test_detection",
    "tags": [],
    "meta": {
      "description": "Simple test rule that matches any text file containing 'test'",
      "severity": "info"
    },
    "file_path": "G:\\KMSAuto Net.exe",
    "file_size": 8767160,
    "timestamp": "2025-05-13T16:09:19.005738"
  },
  {
    "rule": "Test_TextFile_Pattern",
    "namespace": "test_detection",
    "tags": [],
    "meta": {
      "description": "Simple test rule that matches any text file containing 'test'",
      "severity": "info"
    },
    "file_path": "G:\\KMSAuto Net 1.5.1.exe",
    "file_size": 8987424,
    "timestamp": "2025-05-13T16:09:20.733398"
  },
  {
    "rule": "Test_TextFile_Pattern",
    "namespace": "test_detection",
    "tags": [],
    "meta": {
      "description": "Simple test rule that matches any text file containing 'test'",
      "severity": "info"
    },
    "file_path": "G:\\Track.txt",
    "file_size": 68,
    "timestamp": "2025-05-13T16:14:47.030529"
  },
  {
    "rule": "Test_TextFile_Pattern",
    "namespace": "test_detection",
    "tags": [],
    "meta": {
      "description": "Simple test rule that matches any text file containing 'test'",
      "severity": "info"
    },
    "file_path": "G:\\KMSAuto Net 1.5.1.exe",
    "file_size": 8987424,
    "timestamp": "2025-05-13T16:14:47.069315"
  },
  {
    "rule": "Test_TextFile_Pattern",
    "namespace": "test_detection",
    "tags": [],
    "meta": {
      "description": "Simple test rule that matches any text file containing 'test'",
      "severity": "info"
    },
    "file_path": "G:\\KMSAuto Net.exe",
    "file_size": 8767160,
    "timestamp": "2025-05-13T16:14:47.796549"
  },
  {
    "rule": "Test_TextFile_Pattern",
    "namespace": "test_detection",
    "tags": [],
    "meta": {
      "description": "Simple test rule that matches any text file containing 'test'",
      "severity": "info"
    },
    "file_path": "G:\\Track.txt",
    "file_size": 68,
    "timestamp": "2025-05-13T16:15:40.918590"
  },
  {
    "rule": "Test_TextFile_Pattern",
    "namespace": "test_detection",
    "tags": [],
    "meta": {
      "description": "Simple test rule that matches any text file containing 'test'",
      "severity": "info"
    },
    "file_path": "G:\\KMSAuto Net 1.5.1.exe",
    "file_size": 8987424,
    "timestamp": "2025-05-13T16:15:41.003220"
  },
  {
    "rule": "Test_TextFile_Pattern",
    "namespace": "test_detection",
    "tags": [],
    "meta": {
      "description": "Simple test rule that matches any text file containing 'test'",
      "severity": "info"
    },
    "file_path": "G:\\KMSAuto Net.exe",
    "file_size": 8767160,
    "timestamp": "2025-05-13T16:15:42.496118"
  }
]